incorrect,correct
amenalism,amensalism
amensalism,amensalism
amenslism,amensalism
ammenalism,amensalism
brood,brood parasitism
brood parasitsm,brood parasitism
brood-parasitism,brood parasitism
call mimicking,commensalism-call mimicry
call mimickry,commensalism-call mimicry
call mimicry,commensalism-call mimicry
comensalism,commensalism
comeptition,competition
commenalism,commensalism
commensalism -call mimicry,commensalism-call mimicry
commensalism-chick adoptio,commensalism-chick adoption
commenslism - call mimicry,commensalism-call mimicry
commesalism,commensalism
commesalism-call mimicry,commensalism-call mimicry
competion,competition
competition - nest site,competition-nest site
competiton,competition
courting,courtship
faciliation - comigration,facilitation-comigration
faciliation - mixed flocking,facilitation-mixed flocking
faciliation-feeding,facilitation-feeding
facilitaion-comigration,facilitation-comigration
facilitation - feeding,facilitation-feeding
facilitation-comigrate,facilitation-comigration
facilitation-comigratio,facilitation-comigration
facilitation-mixed flock,facilitation-mixed flocking
facillitation,facilitation
faciltation-feeding,facilitation-feeding
faciltation-mixed flock,facilitation-mixed flocking
faciltation-mixed flocking,facilitation-mixed flocking
faciltiation,facilitation
faciltiation-feeding,facilitation-feeding
faciltiation-mixed flock,facilitation-mixed flocking
faciltiation-mixed flocking,facilitation-mixed flocking
hybrization,hybridization
kleptoparasitism of nest material,kleptoparasitism-nest material
kleptoparasitsim,kleptoparasitism
kleptoparasitsm,kleptoparasitism
kleptoparisitism,kleptoparasitism
mixed flock,facilitation-mixed flocking
parasitism,brood parasitism
predation-scavenger,predation-scavenging
scavanging,scavenging
copulation?,copulation
commensalism-scavange,commensalism-scavenge
commesalism-scavenge,commensalism-scavenge
commesalism-scavange,commensalism-scavenge
Competition,competition
Competiton,competition
competition- territory,competition-territory
competition- food,competition-food
competiton-food,competition-food
facilitation- foraging,facilitation-foraging
facilitation- mixed flocking,facilitation-mixed flocking
facilitation - mixed flocking,facilitation-mixed flocking
facilitaion-mixed flocking,facilitation-mixed flocking
facilitation-mixed species flocking,facilitation-mixed flocking
Facilitation-mixed flcoking,facilitation-mixed flocking
facillitation-mixed flocking,facilitation-mixed flocking
Faciliation - comigration,facilitation-comigration
Faciliation - mixed flocking,facilitation-mixed flocking
facilitation- comigration,facilitation-comigration
facilitation- feeding,facilitation-feeding
brood paratism,brood parasitism
brood paratisism,brood parasitism
brood_parasitsm,brood parasitism
Brood-Parasitism,brood parasitism
brood paratisism defense-nest defense,brood parasitism defense-nest defense
brood paratisism defense-egg ejection,brood parasitism defense-egg ejection
nest-predation,nest predation
Nest Parastism,nest parasitism
commensalism- call mimickry,commensalism-call mimicry
call mimickery,commensalism-call mimicry
Hybrididization,hybridization
ammensalism,amensalism
comeptiton,competition
competition-,competition
competition-feeding,competition-food
competition- unknown,competition
competition-niche,competition
competition-resources,competition
facilitation-foraging/feeding,facilitation-feeding/foraging
facilitation-foraging,facilitation-feeding/foraging
facilitation-feeding,facilitation-feeding/foraging
competition-foraging,competition-food
competition-nest site,competition-territory
attempted brood parasitism,potential brood parasitism
